id,model_answer,confidence,correct_answer,is_correct
306,3,5,3,1
198,3,5,3,1
149,1,5,1,1
222,0,5,0,1
135,1,5,1,1
73,0,5,0,1
225,2,5,2,1
132,1,5,1,1
74,3,5,3,1
301,0,5,0,1
259,3,5,3,1
288,3,5,3,1
373,1,5,1,1
257,1,4,0,0
191,0,5,0,1
140,2,5,2,1
286,1,5,1,1
308,3,5,3,1
250,0,5,0,1
196,3,5,3,1
147,3,5,3,1
281,3,5,3,1
374,3,5,3,1
34,3,5,3,1
172,1,5,1,1
265,2,5,2,1
341,0,5,3,0
390,2,5,2,1
48,2,5,3,0
99,2,5,2,1
219,3,5,3,1
346,0,5,0,1
397,1,5,1,1
109,3,5,3,1
33,1,5,1,1
175,2,5,2,1
262,3,5,3,1
348,3,5,3,1
41,0,5,0,1
107,0,5,0,1
210,0,5,0,1
90,3,4,3,1
334,3,5,3,1
333,3,5,3,1
46,3,5,3,1
100,3,5,3,1
217,3,5,3,1
97,3,4,3,1
322,0,5,0,1
206,3,5,3,1
86,2,5,2,1
57,2,5,1,0
111,1,5,1,1
4,0,5,1,0
201,0,5,0,1
81,1,5,0,0
50,1,5,1,1
116,2,5,2,1
388,2,5,2,1
359,3,5,2,0
3,3,5,0,0
325,0,3,0,1
118,2,5,2,1
386,3,5,3,1
357,1,5,1,1
273,2,5,2,1
22,1,5,1,1
164,2,5,2,1
274,3,5,3,1
25,0,5,0,1
163,0,5,0,1
88,0,5,0,1
208,2,4,0,0
59,3,5,3,1
381,2,5,2,1
350,0,5,0,1
156,1,5,1,1
10,0,5,0,1
290,3,5,3,1
241,3,5,3,1
187,1,5,1,1
319,3,5,3,1
365,3,5,3,1
362,2,5,2,1
151,0,5,0,1
17,3,5,3,1
297,2,5,2,1
246,2,5,2,1
180,3,5,3,1
123,2,5,0,0
65,3,5,3,1
234,3,5,3,1
299,1,5,1,1
19,1,5,1,1
248,2,4,2,1
310,3,5,3,1
158,2,5,2,1
189,2,5,2,1
317,2,5,2,1
124,2,5,2,1
62,0,5,3,0
233,1,5,1,1
332,3,5,3,1
47,0,5,0,1
101,0,5,0,1
96,2,5,3,0
216,1,5,1,1
349,3,5,3,1
40,0,5,0,1
106,3,5,3,1
91,0,5,0,1
211,1,5,1,1
335,3,5,3,1
347,3,5,3,1
396,3,5,3,1
108,2,5,0,0
32,3,5,3,1
174,3,5,2,0
263,0,5,0,1
35,2,5,2,1
173,3,5,3,1
264,3,5,3,1
340,0,5,0,1
391,1,5,1,1
49,2,5,1,0
218,1,5,1,1
98,3,5,3,1
309,1,5,1,1
251,3,5,3,1
197,1,5,1,1
146,3,5,3,1
280,1,5,1,1
375,0,5,0,1
372,3,5,3,1
256,3,5,3,1
190,1,5,1,1
141,1,5,1,1
287,1,5,1,1
224,3,5,3,1
133,2,5,2,1
75,3,5,3,1
300,1,5,1,1
258,1,5,1,1
289,1,5,1,1
307,3,5,3,1
199,2,5,2,1
148,0,5,0,1
223,1,4,1,1
134,3,5,3,1
72,0,5,0,1
159,0,5,0,1
188,3,5,3,1
316,3,5,3,1
125,2,5,2,1
63,0,5,0,1
232,3,5,3,1
122,3,5,3,1
64,3,5,3,1
235,0,5,0,1
18,1,5,1,1
298,2,5,2,1
249,3,5,3,1
311,2,5,2,1
363,3,5,3,1
150,3,5,3,1
296,1,5,1,1
16,3,5,3,1
247,0,5,0,1
181,2,5,2,1
157,1,5,1,1
291,3,5,3,1
11,3,5,1,0
240,1,5,1,1
186,1,5,1,1
318,0,5,0,1
364,0,5,0,1
275,3,5,3,1
24,3,5,3,1
162,0,5,0,1
209,1,5,1,1
89,0,5,0,1
58,1,5,1,1
380,3,5,3,1
351,3,5,3,1
119,0,5,0,1
387,3,5,3,1
356,3,5,3,1
272,1,5,1,1
23,2,4,2,1
165,2,5,2,1
80,3,5,3,1
200,3,5,3,1
51,2,5,0,0
117,2,5,2,1
389,3,5,3,1
358,3,5,3,1
2,2,5,2,1
324,3,5,3,1
323,0,5,0,1
87,3,5,3,1
207,1,5,1,1
56,2,5,1,0
110,1,5,1,1
5,3,5,3,1
67,0,5,0,1
121,3,4,3,1
236,0,5,0,1
312,3,5,3,1
315,0,5,0,1
60,1,5,2,0
126,2,5,2,1
231,2,5,2,1
369,3,5,3,1
12,3,5,3,1
292,3,5,3,1
154,1,5,1,1
185,2,5,2,1
243,3,5,3,1
128,1,5,1,1
367,3,5,3,1
69,0,5,0,1
238,3,5,3,1
360,0,5,0,1
15,2,5,1,0
295,1,5,1,1
153,3,5,3,1
182,3,5,3,1
244,2,5,2,1
384,0,5,0,1
355,3,5,3,1
271,3,5,3,1
166,2,5,2,1
20,1,5,1,1
329,3,5,3,1
276,3,5,3,1
161,3,5,3,1
27,0,5,0,1
383,3,5,3,1
8,3,5,3,1
352,1,5,1,1
278,3,5,0,0
29,0,5,0,1
320,2,5,2,1
204,3,5,3,1
84,3,5,3,1
113,2,5,2,1
55,1,5,1,1
6,3,5,3,1
203,1,4,0,0
83,0,5,0,1
114,3,5,3,1
52,3,5,3,1
1,0,5,0,1
168,0,5,0,1
327,0,5,0,1
105,0,5,0,1
43,0,5,0,1
212,1,5,1,1
92,3,5,2,0
336,3,5,3,1
179,3,5,3,1
331,2,5,2,1
38,1,5,1,1
269,3,5,3,1
102,0,5,0,1
44,2,5,0,0
215,3,5,3,1
95,3,5,3,1
170,3,5,3,1
36,1,5,1,1
267,0,5,0,1
343,3,5,3,1
392,2,5,2,1
344,0,5,0,1
395,3,5,3,1
338,3,5,3,1
177,3,5,3,1
31,0,5,0,1
260,0,5,0,1
371,3,5,3,1
229,3,5,3,1
78,2,4,1,0
193,3,5,3,1
255,3,5,3,1
284,2,5,2,1
142,3,5,3,1
194,3,5,3,1
252,3,5,3,1
283,1,5,1,1
145,2,5,2,1
376,0,5,0,1
139,3,5,3,1
304,1,5,1,1
378,3,5,3,1
220,0,5,0,1
71,3,5,2,0
137,3,5,3,1
227,0,5,0,1
76,2,5,2,1
130,3,5,3,1
303,3,5,3,1
82,1,5,1,1
202,1,5,1,1
115,2,5,0,0
53,3,5,3,1
0,2,5,3,0
169,0,5,0,1
326,1,5,1,1
279,3,5,3,1
28,0,5,0,1
321,3,5,3,1
85,1,5,1,1
205,3,5,3,1
112,3,4,0,0
54,1,5,1,1
7,1,5,1,1
277,1,5,1,1
160,1,5,1,1
26,2,5,3,0
382,3,5,3,1
9,3,5,3,1
353,2,5,2,1
385,3,5,3,1
354,0,5,0,1
270,0,5,0,1
167,1,5,1,1
21,3,5,3,1
328,0,5,0,1
68,3,5,3,1
239,0,5,0,1
361,0,5,0,1
294,3,5,3,1
14,3,4,3,1
152,3,5,3,1
183,3,5,3,1
245,2,5,2,1
293,3,5,3,1
13,2,5,2,1
155,3,5,3,1
184,3,5,3,1
242,1,5,1,1
129,2,5,2,1
366,3,5,3,1
314,3,5,3,1
61,3,5,3,1
127,2,5,2,1
230,2,5,2,1
368,0,5,0,1
66,3,5,3,1
120,0,5,0,1
237,2,5,2,1
313,1,5,1,1
226,1,5,1,1
77,2,5,1,0
131,0,5,0,1
302,3,5,3,1
305,3,5,3,1
379,2,5,2,1
221,1,3,3,0
70,3,5,3,1
136,3,5,3,1
195,1,5,1,1
253,3,5,3,1
282,3,5,3,1
144,3,5,3,1
377,3,4,3,1
138,3,5,3,1
370,0,5,0,1
228,2,5,2,1
79,2,5,2,1
192,2,5,2,1
254,0,5,0,1
285,3,5,3,1
143,1,5,1,1
345,3,5,3,1
394,1,5,1,1
339,3,5,3,1
176,3,5,3,1
30,1,4,1,1
261,1,5,1,1
171,3,5,3,1
37,3,5,3,1
266,1,5,1,1
342,3,5,3,1
393,0,5,0,1
330,2,5,2,1
39,3,5,3,1
268,0,4,3,0
103,3,5,3,1
45,0,5,0,1
94,2,5,2,1
214,1,5,1,1
104,3,5,3,1
42,2,5,2,1
93,0,5,0,1
213,3,5,3,1
337,1,5,1,1
178,2,5,2,1
